<?xml version="1.0" encoding="UTF-8" ?>
<!DOCTYPE mapper PUBLIC "-//mybatis.org//DTD Mapper 3.0//EN" "http://mybatis.org/dtd/mybatis-3-mapper.dtd">
<mapper namespace="com.mp.dao.CollectVehicleDao">
	<resultMap id="BaseResultMap" type="com.mp.bean.CollectVehicle">
		<id column="id" property="id" jdbcType="VARCHAR"/>
		<result column="cph" property="cph" jdbcType="VARCHAR"/>
		<result column="cx" property="cx" jdbcType="VARCHAR"/>
		<result column="ys" property="ys" jdbcType="VARCHAR"/>
		<result column="xm" property="xm" jdbcType="VARCHAR"/>
		<result column="xb" property="xb" jdbcType="VARCHAR"/>
		<result column="mz" property="mz" jdbcType="VARCHAR"/>
		<result column="sfzh" property="sfzh" jdbcType="VARCHAR"/>
		<result column="dz" property="dz" jdbcType="VARCHAR"/>
		<result column="czdh" property="czdh" jdbcType="VARCHAR"/>
		<result column="hcdz" property="hcdz" jdbcType="VARCHAR"/>
		<result column="hcyy" property="hcyy" jdbcType="VARCHAR"/>
		<result column="hcjg" property="hcjg" jdbcType="VARCHAR"/>
		<result column="lasj" property="lasj" jdbcType="DATE"/>
		<result column="ladw" property="ladw" jdbcType="VARCHAR"/>
		<result column="monitor" property="monitor" jdbcType=""/>
		<result column="monitor_id" property="monitorId" jdbcType="VARCHAR"/>
		<result column="read_status" property="readStatus" jdbcType=""/>
		<result column="create_time" property="createTime" jdbcType="TIMESTAMP"/>
		<result column="xp" property="xp" jdbcType="VARCHAR"/>
	</resultMap>
	<sql id="Base_Column_List">
		id,cph,cx,ys,xm,xb,mz,sfzh,dz,czdh,hcdz,hcyy,hcjg,lasj,ladw,monitor,monitor_id,read_status,create_time,xp
	</sql>
	<insert id="insertRecord" parameterType="com.mp.bean.CollectVehicle">
		insert into collect_vehicle(id,
			cph,
			cx,
			ys,
			xm,
			xb,
			mz,
			sfzh,
			dz,
			czdh,
			hcdz,
			hcyy,
			hcjg,
			lasj,
			ladw,
			monitor,
			monitor_id,
			read_status,
			create_time,
			xp)
		values (#{id,jdbcType=VARCHAR},
			#{cph,jdbcType=VARCHAR},
			#{cx,jdbcType=VARCHAR},
			#{ys,jdbcType=VARCHAR},
			#{xm,jdbcType=VARCHAR},
			#{xb,jdbcType=VARCHAR},
			#{mz,jdbcType=VARCHAR},
			#{sfzh,jdbcType=VARCHAR},
			#{dz,jdbcType=VARCHAR},
			#{czdh,jdbcType=VARCHAR},
			#{hcdz,jdbcType=VARCHAR},
			#{hcyy,jdbcType=VARCHAR},
			#{hcjg,jdbcType=VARCHAR},
			#{lasj,jdbcType=DATE},
			#{ladw,jdbcType=VARCHAR},
			#{monitor,jdbcType=},
			#{monitorId,jdbcType=VARCHAR},
			#{readStatus,jdbcType=},
			#{createTime,jdbcType=TIMESTAMP},
			#{xp,jdbcType=VARCHAR})
 </insert>
	<insert id="insertSelective" parameterType="com.mp.bean.CollectVehicle">
		insert into collect_vehicle
		<trim prefix="(" suffix=")" suffixOverrides="," >
			<if test="id != null" >
				id,
			</if>
			<if test="cph != null" >
				cph,
			</if>
			<if test="cx != null" >
				cx,
			</if>
			<if test="ys != null" >
				ys,
			</if>
			<if test="xm != null" >
				xm,
			</if>
			<if test="xb != null" >
				xb,
			</if>
			<if test="mz != null" >
				mz,
			</if>
			<if test="sfzh != null" >
				sfzh,
			</if>
			<if test="dz != null" >
				dz,
			</if>
			<if test="czdh != null" >
				czdh,
			</if>
			<if test="hcdz != null" >
				hcdz,
			</if>
			<if test="hcyy != null" >
				hcyy,
			</if>
			<if test="hcjg != null" >
				hcjg,
			</if>
			<if test="lasj != null" >
				lasj,
			</if>
			<if test="ladw != null" >
				ladw,
			</if>
			<if test="monitor != null" >
				monitor,
			</if>
			<if test="monitorId != null" >
				monitor_id,
			</if>
			<if test="readStatus != null" >
				read_status,
			</if>
			<if test="createTime != null" >
				create_time,
			</if>
			<if test="xp != null" >
				xp,
			</if>
		</trim>
		<trim prefix="values (" suffix=")" suffixOverrides=",">
			<if test="id != null" >
				#{id,jdbcType=VARCHAR},
			</if>
			<if test="cph != null" >
				#{cph,jdbcType=VARCHAR},
			</if>
			<if test="cx != null" >
				#{cx,jdbcType=VARCHAR},
			</if>
			<if test="ys != null" >
				#{ys,jdbcType=VARCHAR},
			</if>
			<if test="xm != null" >
				#{xm,jdbcType=VARCHAR},
			</if>
			<if test="xb != null" >
				#{xb,jdbcType=VARCHAR},
			</if>
			<if test="mz != null" >
				#{mz,jdbcType=VARCHAR},
			</if>
			<if test="sfzh != null" >
				#{sfzh,jdbcType=VARCHAR},
			</if>
			<if test="dz != null" >
				#{dz,jdbcType=VARCHAR},
			</if>
			<if test="czdh != null" >
				#{czdh,jdbcType=VARCHAR},
			</if>
			<if test="hcdz != null" >
				#{hcdz,jdbcType=VARCHAR},
			</if>
			<if test="hcyy != null" >
				#{hcyy,jdbcType=VARCHAR},
			</if>
			<if test="hcjg != null" >
				#{hcjg,jdbcType=VARCHAR},
			</if>
			<if test="lasj != null" >
				#{lasj,jdbcType=DATE},
			</if>
			<if test="ladw != null" >
				#{ladw,jdbcType=VARCHAR},
			</if>
			<if test="monitor != null" >
				#{monitor,jdbcType=},
			</if>
			<if test="monitorId != null" >
				#{monitorId,jdbcType=VARCHAR},
			</if>
			<if test="readStatus != null" >
				#{readStatus,jdbcType=},
			</if>
			<if test="createTime != null" >
				#{createTime,jdbcType=TIMESTAMP},
			</if>
			<if test="xp != null" >
				#{xp,jdbcType=VARCHAR},
			</if>
		</trim>
	</insert>
	<delete id="deleteById" parameterType="java.lang.String">
		delete from collect_vehicle where id= #{id,jdbcType=VARCHAR}
	</delete>
	<update id="updateByIdSelective" parameterType="com.mp.bean.CollectVehicle">
		update collect_vehicle
		<set>
			<if test="cph != null" >
				cph=#{cph,jdbcType=VARCHAR},
			</if>
			<if test="cx != null" >
				cx=#{cx,jdbcType=VARCHAR},
			</if>
			<if test="ys != null" >
				ys=#{ys,jdbcType=VARCHAR},
			</if>
			<if test="xm != null" >
				xm=#{xm,jdbcType=VARCHAR},
			</if>
			<if test="xb != null" >
				xb=#{xb,jdbcType=VARCHAR},
			</if>
			<if test="mz != null" >
				mz=#{mz,jdbcType=VARCHAR},
			</if>
			<if test="sfzh != null" >
				sfzh=#{sfzh,jdbcType=VARCHAR},
			</if>
			<if test="dz != null" >
				dz=#{dz,jdbcType=VARCHAR},
			</if>
			<if test="czdh != null" >
				czdh=#{czdh,jdbcType=VARCHAR},
			</if>
			<if test="hcdz != null" >
				hcdz=#{hcdz,jdbcType=VARCHAR},
			</if>
			<if test="hcyy != null" >
				hcyy=#{hcyy,jdbcType=VARCHAR},
			</if>
			<if test="hcjg != null" >
				hcjg=#{hcjg,jdbcType=VARCHAR},
			</if>
			<if test="lasj != null" >
				lasj=#{lasj,jdbcType=DATE},
			</if>
			<if test="ladw != null" >
				ladw=#{ladw,jdbcType=VARCHAR},
			</if>
			<if test="monitor != null" >
				monitor=#{monitor,jdbcType=},
			</if>
			<if test="monitorId != null" >
				monitor_id=#{monitorId,jdbcType=VARCHAR},
			</if>
			<if test="readStatus != null" >
				read_status=#{readStatus,jdbcType=},
			</if>
			<if test="createTime != null" >
				create_time=#{createTime,jdbcType=TIMESTAMP},
			</if>
			<if test="xp != null" >
				xp=#{xp,jdbcType=VARCHAR},
			</if>
		</set>
		where id= #{id,jdbcType=VARCHAR}
	</update>
	<update id="updateById" parameterType="com.mp.bean.CollectVehicle">
		update collect_vehicle set
			cph=#{cph,jdbcType=VARCHAR},
			cx=#{cx,jdbcType=VARCHAR},
			ys=#{ys,jdbcType=VARCHAR},
			xm=#{xm,jdbcType=VARCHAR},
			xb=#{xb,jdbcType=VARCHAR},
			mz=#{mz,jdbcType=VARCHAR},
			sfzh=#{sfzh,jdbcType=VARCHAR},
			dz=#{dz,jdbcType=VARCHAR},
			czdh=#{czdh,jdbcType=VARCHAR},
			hcdz=#{hcdz,jdbcType=VARCHAR},
			hcyy=#{hcyy,jdbcType=VARCHAR},
			hcjg=#{hcjg,jdbcType=VARCHAR},
			lasj=#{lasj,jdbcType=DATE},
			ladw=#{ladw,jdbcType=VARCHAR},
			monitor=#{monitor,jdbcType=},
			monitor_id=#{monitorId,jdbcType=VARCHAR},
			read_status=#{readStatus,jdbcType=},
			create_time=#{createTime,jdbcType=TIMESTAMP},
			xp=#{xp,jdbcType=VARCHAR}
		where id= #{id,jdbcType=VARCHAR}
	</update>
	<select id="countRecord" resultType="java.lang.Integer">
		select count(*) from collect_vehicle
	</select>
	<select id="countSelective" parameterType="com.mp.bean.CollectVehicle" resultType="java.lang.Integer">
		select count(*) from collect_vehicle where 1=1
		<if test="id != null" >
			and id=#{id,jdbcType=VARCHAR}
		</if>
		<if test="cph != null" >
			and cph=#{cph,jdbcType=VARCHAR}
		</if>
		<if test="cx != null" >
			and cx=#{cx,jdbcType=VARCHAR}
		</if>
		<if test="ys != null" >
			and ys=#{ys,jdbcType=VARCHAR}
		</if>
		<if test="xm != null" >
			and xm=#{xm,jdbcType=VARCHAR}
		</if>
		<if test="xb != null" >
			and xb=#{xb,jdbcType=VARCHAR}
		</if>
		<if test="mz != null" >
			and mz=#{mz,jdbcType=VARCHAR}
		</if>
		<if test="sfzh != null" >
			and sfzh=#{sfzh,jdbcType=VARCHAR}
		</if>
		<if test="dz != null" >
			and dz=#{dz,jdbcType=VARCHAR}
		</if>
		<if test="czdh != null" >
			and czdh=#{czdh,jdbcType=VARCHAR}
		</if>
		<if test="hcdz != null" >
			and hcdz=#{hcdz,jdbcType=VARCHAR}
		</if>
		<if test="hcyy != null" >
			and hcyy=#{hcyy,jdbcType=VARCHAR}
		</if>
		<if test="hcjg != null" >
			and hcjg=#{hcjg,jdbcType=VARCHAR}
		</if>
		<if test="lasj != null" >
			and lasj=#{lasj,jdbcType=DATE}
		</if>
		<if test="ladw != null" >
			and ladw=#{ladw,jdbcType=VARCHAR}
		</if>
		<if test="monitor != null" >
			and monitor=#{monitor,jdbcType=}
		</if>
		<if test="monitorId != null" >
			and monitor_id=#{monitorId,jdbcType=VARCHAR}
		</if>
		<if test="readStatus != null" >
			and read_status=#{readStatus,jdbcType=}
		</if>
		<if test="createTime != null" >
			and create_time=#{createTime,jdbcType=TIMESTAMP}
		</if>
		<if test="xp != null" >
			and xp=#{xp,jdbcType=VARCHAR}
		</if>
	</select>
	<select id="maxId" resultType="java.lang.Integer">
		select max(id) from collect_vehicle
	</select>
	<select id="selectById" parameterType="java.lang.String" resultMap="BaseResultMap">
		select
		<include refid="Base_Column_List"/>
		from collect_vehicle
		where id= #{id,jdbcType=VARCHAR}
	</select>
	<select id="selectAll" resultMap="BaseResultMap">
		select * from collect_vehicle
	</select>
</mapper>