<?xml version="1.0" encoding="UTF-8" ?>
<!DOCTYPE mapper PUBLIC "-//mybatis.org//DTD Mapper 3.0//EN" "http://mybatis.org/dtd/mybatis-3-mapper.dtd">
<mapper namespace="com.mp.dao.CollectPersonDao">
	<resultMap id="BaseResultMap" type="com.mp.bean.CollectPerson">
		<id column="number" property="number" jdbcType="VARCHAR"/>
		<result column="phone" property="phone" jdbcType="VARCHAR"/>
		<result column="name" property="name" jdbcType="VARCHAR"/>
		<result column="type" property="type" jdbcType="INTEGER"/>
		<result column="location" property="location" jdbcType="VARCHAR"/>
		<result column="cause" property="cause" jdbcType="VARCHAR"/>
		<result column="id" property="id" jdbcType="VARCHAR"/>
		<result column="create_time" property="createTime" jdbcType="TIMESTAMP"/>
		<result column="result" property="result" jdbcType="INTEGER"/>
		<result column="monitor" property="monitor" jdbcType=""/>
		<result column="monitor_id" property="monitorId" jdbcType="VARCHAR"/>
		<result column="read_status" property="readStatus" jdbcType=""/>
		<result column="xp" property="xp" jdbcType="VARCHAR"/>
		<result column="sfzh" property="sfzh" jdbcType="VARCHAR"/>
		<result column="xb" property="xb" jdbcType="VARCHAR"/>
		<result column="mz" property="mz" jdbcType="VARCHAR"/>
		<result column="address" property="address" jdbcType="VARCHAR"/>
	</resultMap>
	<sql id="Base_Column_List">
		number,phone,name,type,location,cause,id,create_time,result,monitor,monitor_id,read_status,xp,sfzh,xb,mz,address
	</sql>
	<insert id="insertRecord" parameterType="com.mp.bean.CollectPerson">
		insert into collect_person(number,
			phone,
			name,
			type,
			location,
			cause,
			id,
			create_time,
			result,
			monitor,
			monitor_id,
			read_status,
			xp,
			sfzh,
			xb,
			mz,
			address)
		values (#{number,jdbcType=VARCHAR},
			#{phone,jdbcType=VARCHAR},
			#{name,jdbcType=VARCHAR},
			#{type,jdbcType=INTEGER},
			#{location,jdbcType=VARCHAR},
			#{cause,jdbcType=VARCHAR},
			#{id,jdbcType=VARCHAR},
			#{createTime,jdbcType=TIMESTAMP},
			#{result,jdbcType=INTEGER},
			#{monitor,jdbcType=},
			#{monitorId,jdbcType=VARCHAR},
			#{readStatus,jdbcType=},
			#{xp,jdbcType=VARCHAR},
			#{sfzh,jdbcType=VARCHAR},
			#{xb,jdbcType=VARCHAR},
			#{mz,jdbcType=VARCHAR},
			#{address,jdbcType=VARCHAR})
 </insert>
	<insert id="insertSelective" parameterType="com.mp.bean.CollectPerson">
		insert into collect_person
		<trim prefix="(" suffix=")" suffixOverrides="," >
			<if test="number != null" >
				number,
			</if>
			<if test="phone != null" >
				phone,
			</if>
			<if test="name != null" >
				name,
			</if>
			<if test="type != null" >
				type,
			</if>
			<if test="location != null" >
				location,
			</if>
			<if test="cause != null" >
				cause,
			</if>
			<if test="id != null" >
				id,
			</if>
			<if test="createTime != null" >
				create_time,
			</if>
			<if test="result != null" >
				result,
			</if>
			<if test="monitor != null" >
				monitor,
			</if>
			<if test="monitorId != null" >
				monitor_id,
			</if>
			<if test="readStatus != null" >
				read_status,
			</if>
			<if test="xp != null" >
				xp,
			</if>
			<if test="sfzh != null" >
				sfzh,
			</if>
			<if test="xb != null" >
				xb,
			</if>
			<if test="mz != null" >
				mz,
			</if>
			<if test="address != null" >
				address,
			</if>
		</trim>
		<trim prefix="values (" suffix=")" suffixOverrides=",">
			<if test="number != null" >
				#{number,jdbcType=VARCHAR},
			</if>
			<if test="phone != null" >
				#{phone,jdbcType=VARCHAR},
			</if>
			<if test="name != null" >
				#{name,jdbcType=VARCHAR},
			</if>
			<if test="type != null" >
				#{type,jdbcType=INTEGER},
			</if>
			<if test="location != null" >
				#{location,jdbcType=VARCHAR},
			</if>
			<if test="cause != null" >
				#{cause,jdbcType=VARCHAR},
			</if>
			<if test="id != null" >
				#{id,jdbcType=VARCHAR},
			</if>
			<if test="createTime != null" >
				#{createTime,jdbcType=TIMESTAMP},
			</if>
			<if test="result != null" >
				#{result,jdbcType=INTEGER},
			</if>
			<if test="monitor != null" >
				#{monitor,jdbcType=},
			</if>
			<if test="monitorId != null" >
				#{monitorId,jdbcType=VARCHAR},
			</if>
			<if test="readStatus != null" >
				#{readStatus,jdbcType=},
			</if>
			<if test="xp != null" >
				#{xp,jdbcType=VARCHAR},
			</if>
			<if test="sfzh != null" >
				#{sfzh,jdbcType=VARCHAR},
			</if>
			<if test="xb != null" >
				#{xb,jdbcType=VARCHAR},
			</if>
			<if test="mz != null" >
				#{mz,jdbcType=VARCHAR},
			</if>
			<if test="address != null" >
				#{address,jdbcType=VARCHAR},
			</if>
		</trim>
	</insert>
	<delete id="deleteById" parameterType="java.lang.String">
		delete from collect_person where number= #{number,jdbcType=VARCHAR}
	</delete>
	<update id="updateByIdSelective" parameterType="com.mp.bean.CollectPerson">
		update collect_person
		<set>
			<if test="phone != null" >
				phone=#{phone,jdbcType=VARCHAR},
			</if>
			<if test="name != null" >
				name=#{name,jdbcType=VARCHAR},
			</if>
			<if test="type != null" >
				type=#{type,jdbcType=INTEGER},
			</if>
			<if test="location != null" >
				location=#{location,jdbcType=VARCHAR},
			</if>
			<if test="cause != null" >
				cause=#{cause,jdbcType=VARCHAR},
			</if>
			<if test="id != null" >
				id=#{id,jdbcType=VARCHAR},
			</if>
			<if test="createTime != null" >
				create_time=#{createTime,jdbcType=TIMESTAMP},
			</if>
			<if test="result != null" >
				result=#{result,jdbcType=INTEGER},
			</if>
			<if test="monitor != null" >
				monitor=#{monitor,jdbcType=},
			</if>
			<if test="monitorId != null" >
				monitor_id=#{monitorId,jdbcType=VARCHAR},
			</if>
			<if test="readStatus != null" >
				read_status=#{readStatus,jdbcType=},
			</if>
			<if test="xp != null" >
				xp=#{xp,jdbcType=VARCHAR},
			</if>
			<if test="sfzh != null" >
				sfzh=#{sfzh,jdbcType=VARCHAR},
			</if>
			<if test="xb != null" >
				xb=#{xb,jdbcType=VARCHAR},
			</if>
			<if test="mz != null" >
				mz=#{mz,jdbcType=VARCHAR},
			</if>
			<if test="address != null" >
				address=#{address,jdbcType=VARCHAR},
			</if>
		</set>
		where number= #{number,jdbcType=VARCHAR}
	</update>
	<update id="updateById" parameterType="com.mp.bean.CollectPerson">
		update collect_person set
			phone=#{phone,jdbcType=VARCHAR},
			name=#{name,jdbcType=VARCHAR},
			type=#{type,jdbcType=INTEGER},
			location=#{location,jdbcType=VARCHAR},
			cause=#{cause,jdbcType=VARCHAR},
			id=#{id,jdbcType=VARCHAR},
			create_time=#{createTime,jdbcType=TIMESTAMP},
			result=#{result,jdbcType=INTEGER},
			monitor=#{monitor,jdbcType=},
			monitor_id=#{monitorId,jdbcType=VARCHAR},
			read_status=#{readStatus,jdbcType=},
			xp=#{xp,jdbcType=VARCHAR},
			sfzh=#{sfzh,jdbcType=VARCHAR},
			xb=#{xb,jdbcType=VARCHAR},
			mz=#{mz,jdbcType=VARCHAR},
			address=#{address,jdbcType=VARCHAR}
		where number= #{number,jdbcType=VARCHAR}
	</update>
	<select id="countRecord" resultType="java.lang.Integer">
		select count(*) from collect_person
	</select>
	<select id="countSelective" parameterType="com.mp.bean.CollectPerson" resultType="java.lang.Integer">
		select count(*) from collect_person where 1=1
		<if test="number != null" >
			and number=#{number,jdbcType=VARCHAR}
		</if>
		<if test="phone != null" >
			and phone=#{phone,jdbcType=VARCHAR}
		</if>
		<if test="name != null" >
			and name=#{name,jdbcType=VARCHAR}
		</if>
		<if test="type != null" >
			and type=#{type,jdbcType=INTEGER}
		</if>
		<if test="location != null" >
			and location=#{location,jdbcType=VARCHAR}
		</if>
		<if test="cause != null" >
			and cause=#{cause,jdbcType=VARCHAR}
		</if>
		<if test="id != null" >
			and id=#{id,jdbcType=VARCHAR}
		</if>
		<if test="createTime != null" >
			and create_time=#{createTime,jdbcType=TIMESTAMP}
		</if>
		<if test="result != null" >
			and result=#{result,jdbcType=INTEGER}
		</if>
		<if test="monitor != null" >
			and monitor=#{monitor,jdbcType=}
		</if>
		<if test="monitorId != null" >
			and monitor_id=#{monitorId,jdbcType=VARCHAR}
		</if>
		<if test="readStatus != null" >
			and read_status=#{readStatus,jdbcType=}
		</if>
		<if test="xp != null" >
			and xp=#{xp,jdbcType=VARCHAR}
		</if>
		<if test="sfzh != null" >
			and sfzh=#{sfzh,jdbcType=VARCHAR}
		</if>
		<if test="xb != null" >
			and xb=#{xb,jdbcType=VARCHAR}
		</if>
		<if test="mz != null" >
			and mz=#{mz,jdbcType=VARCHAR}
		</if>
		<if test="address != null" >
			and address=#{address,jdbcType=VARCHAR}
		</if>
	</select>
	<select id="maxId" resultType="java.lang.Integer">
		select max(number) from collect_person
	</select>
	<select id="selectById" parameterType="java.lang.String" resultMap="BaseResultMap">
		select
		<include refid="Base_Column_List"/>
		from collect_person
		where number= #{number,jdbcType=VARCHAR}
	</select>
	<select id="selectAll" resultMap="BaseResultMap">
		select * from collect_person
	</select>
</mapper>